ภาค,จังหวัด,รายการ,รายการย่อย,ประเภทผู้เยี่ยมเยือน,2554,2555,2556,2557,2558,2559,2560,2561,2562,2563,2564,2565
กรุงเทพมหานคร,กรุงเทพมหานคร,จำนวนผู้เยี่ยมเยือน,รวม,รวม,"  43,763,002 ","  47,185,031 ","  50,568,902 ","  50,972,772 ","  56,515,597 ","  59,196,331 ","  63,575,737 ","  65,534,281 ","  66,966,562 ","  23,637,361 ","  13,706,439 ","  39,001,250 "
,,,,ชาวไทย,"  28,867,346 ","  30,269,692 ","  31,988,047 ","  32,830,273 ","  35,645,681 ","  38,507,058 ","  41,121,871 ","  41,682,963 ","  42,073,847 ","  18,793,166 ","  13,061,862 ","  29,400,978 "
,,,,ชาวต่างประเทศ,"  14,895,656 ","  16,915,339 ","  18,580,855 ","  18,142,499 ","  20,869,916 ","  20,689,273 ","  22,453,866 ","  23,851,318 ","  24,892,715 ","  4,844,195 ","  644,577 ","  9,600,272 "
,,,จำนวนนักท่องเที่ยว,รวม,"  30,649,772 ","  34,407,750 ","  37,145,237 ","  37,097,326 ","  41,283,511 ","  42,452,892 ","  45,602,422 ","  48,019,195 ","  49,054,753 ","  17,370,584 ","  8,578,532 ","  27,023,530 "
,,,,ชาวไทย,"  16,847,839 ","  18,585,134 ","  19,677,487 ","  20,065,603 ","  21,696,700 ","  23,041,068 ","  24,516,872 ","  25,581,323 ","  25,625,341 ","  12,699,479 ","  8,009,757 ","  18,223,145 "
,,,,ชาวต่างประเทศ,"  13,801,933 ","  15,822,616 ","  17,467,750 ","  17,031,723 ","  19,586,811 ","  19,411,824 ","  21,085,550 ","  22,437,872 ","  23,429,412 ","  4,671,105 ","  568,775 ","  8,800,385 "
,,,จำนวนนักทัศนาจร,รวม,"  13,113,230 ","  12,777,281 ","  13,423,665 ","  13,875,446 ","  15,232,086 ","  16,743,439 ","  17,973,315 ","  17,515,086 ","  17,911,809 ","  6,266,777 ","  5,127,907 ","  11,977,720 "
,,,,ชาวไทย,"  12,019,507 ","  11,684,558 ","  12,310,560 ","  12,764,670 ","  13,948,981 ","  15,465,990 ","  16,604,999 ","  16,101,640 ","  16,448,506 ","  6,093,687 ","  5,052,105 ","  11,177,833 "
,,,,ชาวต่างประเทศ,"  1,093,723 ","  1,092,723 ","  1,113,105 ","  1,110,776 ","  1,283,105 ","  1,277,449 ","  1,368,316 ","  1,413,446 ","  1,463,303 ","  173,090 ","  75,802 ","  799,887 "
,,รายได้การท่องเที่ยว (ล้านบาท),ผู้เยี่ยมเยือน,รวม,"  478,158.48 ","  570,327.58 ","  626,535.05 ","  634,803.16 ","  730,318.31 ","  822,454.21 ","  947,284.30 ","  1,040,509.51 ","  1,067,813.76 ","  257,787.43 ","  89,266.26 ","  419,672.06 "
,,,,ชาวไทย,"  188,014.48 ","  222,041.12 ","  243,088.16 ","  250,931.26 ","  297,331.03 ","  321,746.59 ","  351,002.97 ","  376,379.92 ","  384,604.50 ","  138,038.82 ","  67,340.92 ","  172,503.45 "
,,,,ชาวต่างประเทศ,"  290,144.00 ","  348,286.46 ","  383,446.89 ","  383,871.90 ","  432,987.28 ","  500,707.62 ","  596,281.33 ","  664,129.59 ","  683,209.26 ","  119,748.61 ","  21,925.34 ","  247,168.61 "
ภาคกลาง,สมุทรปราการ,จำนวนผู้เยี่ยมเยือน,รวม,รวม,"  1,489,104 ","  2,107,433 ","  2,204,073 ","  2,350,340 ","  2,780,429 ","  2,900,180 ","  3,218,934 ","  3,373,639 ","  3,480,752 ","  1,288,211 ","  460,373 ","  2,363,955 "
,,,,ชาวไทย,"  814,324 ","  1,310,539 ","  1,386,215 ","  1,513,750 ","  1,789,272 ","  1,873,476 ","  2,078,536 ","  2,180,958 ","  2,210,121 ","  954,036 ","  426,227 ","  1,921,239 "
,,,,ชาวต่างประเทศ,"  674,780 ","  796,894 ","  817,858 ","  836,590 ","  991,157 ","  1,026,704 ","  1,140,398 ","  1,192,681 ","  1,270,631 ","  334,175 ","  34,146 ","  442,716 "
,,,จำนวนนักท่องเที่ยว,รวม,"  510,753 ","  648,738 ","  703,487 ","  752,570 ","  874,060 ","  907,904 ","  1,007,269 ","  1,037,246 ","  1,197,866 ","  390,745 ","  165,332 ","  748,727 "
,,,,ชาวไทย,"  284,409 ","  352,163 ","  408,393 ","  448,551 ","  521,070 ","  542,827 ","  604,350 ","  619,304 ","  711,739 ","  289,731 ","  141,762 ","  441,188 "
,,,,ชาวต่างประเทศ,"  226,344 ","  296,575 ","  295,094 ","  304,019 ","  352,990 ","  365,077 ","  402,919 ","  417,942 ","  486,127 ","  101,014 ","  23,570 ","  307,539 "
,,,จำนวนนักทัศนาจร,รวม,"  978,351 ","  1,458,695 ","  1,500,586 ","  1,597,770 ","  1,906,369 ","  1,992,276 ","  2,211,665 ","  2,336,393 ","  2,282,886 ","  897,466 ","  295,041 ","  1,615,228 "
,,,,ชาวไทย,"  529,915 ","  958,376 ","  977,822 ","  1,065,199 ","  1,268,202 ","  1,330,649 ","  1,474,186 ","  1,561,654 ","  1,498,382 ","  664,305 ","  284,465 ","  1,480,051 "
,,,,ชาวต่างประเทศ,"  448,436 ","  500,319 ","  522,764 ","  532,571 ","  638,167 ","  661,627 ","  737,479 ","  774,739 ","  784,504 ","  233,161 ","  10,576 ","  135,177 "
,,รายได้การท่องเที่ยว (ล้านบาท),ผู้เยี่ยมเยือน,รวม,"  2,263.70 ","  3,451.66 ","  3,768.56 ","  4,044.50 ","  4,901.16 ","  5,265.36 ","  6,144.65 ","  6,611.44 ","  7,010.03 ","  2,223.31 ",  763.77 ,"  4,551.24 "
,,,,ชาวไทย,"  1,008.51 ","  1,735.50 ","  1,928.87 ","  2,120.14 ","  2,538.61 ","  2,750.71 ","  3,189.49 ","  3,426.32 ","  3,586.15 ","  1,459.43 ",  665.04 ,"  3,072.63 "
,,,,ชาวต่างประเทศ,"  1,255.19 ","  1,716.16 ","  1,839.69 ","  1,924.36 ","  2,362.55 ","  2,514.65 ","  2,955.16 ","  3,185.12 ","  3,423.88 ",  763.88 ,  98.73 ,"  1,478.61 "
,นนทบุรี,จำนวนผู้เยี่ยมเยือน,รวม,รวม,"  2,004,376 ","  1,663,990 ","  1,700,408 ","  1,730,885 ","  2,045,867 ","  2,090,095 ","  2,514,677 ","  2,664,025 ","  2,806,779 ","  1,372,807 ","  606,591 ","  2,516,843 "
,,,,ชาวไทย,"  1,587,715 ","  1,529,913 ","  1,548,940 ","  1,583,985 ","  1,868,854 ","  1,908,389 ","  2,298,157 ","  2,433,547 ","  2,556,423 ","  1,331,709 ","  604,118 ","  2,437,196 "
,,,,ชาวต่างประเทศ,"  416,661 ","  134,077 ","  151,468 ","  146,900 ","  177,013 ","  181,706 ","  216,520 ","  230,478 ","  250,356 ","  41,098 ","  2,473 ","  79,647 "
,,,จำนวนนักท่องเที่ยว,รวม,"  582,031 ","  645,293 ","  655,363 ","  661,218 ","  774,003 ","  784,043 ","  920,233 ","  962,260 ","  1,074,520 ","  445,676 ","  169,514 ","  844,639 "
,,,,ชาวไทย,"  524,065 ","  582,205 ","  581,089 ","  590,415 ","  688,613 ","  697,138 ","  816,594 ","  852,357 ","  947,332 ","  417,557 ","  168,453 ","  810,411 "
,,,,ชาวต่างประเทศ,"  57,966 ","  63,088 ","  74,274 ","  70,803 ","  85,390 ","  86,905 ","  103,639 ","  109,903 ","  127,188 ","  28,119 ","  1,061 ","  34,228 "
,,,จำนวนนักทัศนาจร,รวม,"  1,422,345 ","  1,018,697 ","  1,045,045 ","  1,069,667 ","  1,271,864 ","  1,306,052 ","  1,594,444 ","  1,701,765 ","  1,732,259 ","  927,131 ","  437,077 ","  1,672,204 "
,,,,ชาวไทย,"  1,063,650 ","  947,708 ","  967,851 ","  993,570 ","  1,180,241 ","  1,211,251 ","  1,481,563 ","  1,581,190 ","  1,609,091 ","  914,152 ","  435,665 ","  1,626,785 "
,,,,ชาวต่างประเทศ,"  358,695 ","  70,989 ","  77,194 ","  76,097 ","  91,623 ","  94,801 ","  112,881 ","  120,575 ","  123,168 ","  12,979 ","  1,412 ","  45,419 "
,,รายได้การท่องเที่ยว (ล้านบาท),ผู้เยี่ยมเยือน,รวม,"  2,159.19 ","  2,425.62 ","  2,503.18 ","  2,560.31 ","  3,037.15 ","  3,177.98 ","  3,963.09 ","  4,356.97 ","  4,656.42 ","  1,966.63 ",  772.24 ,"  3,699.21 "
,,,,ชาวไทย,"  1,706.02 ","  2,165.00 ","  2,189.27 ","  2,246.53 ","  2,659.80 ","  2,783.80 ","  3,464.98 ","  3,807.97 ","  4,026.11 ","  1,824.49 ",  767.82 ,"  3,525.93 "
,,,,ชาวต่างประเทศ,  453.17 ,  260.62 ,  313.91 ,  313.78 ,  377.35 ,  394.18 ,  498.11 ,  549.00 ,  630.31 ,  142.14 ,  4.42 ,  173.28 
,ปทุมธานี,จำนวนผู้เยี่ยมเยือน,รวม,รวม,"  1,086,433 ","  1,474,292 ","  1,553,170 ","  1,613,073 ","  1,815,389 ","  1,896,549 ","  2,014,281 ","  2,098,344 ","  2,124,911 ","  844,149 ","  459,895 ","  1,533,436 "
,,,,ชาวไทย,"  939,849 ","  1,007,276 ","  1,062,015 ","  1,117,845 ","  1,277,729 ","  1,346,680 ","  1,435,467 ","  1,498,155 ","  1,524,543 ","  767,551 ","  457,939 ","  1,494,213 "
,,,,ชาวต่างประเทศ,"  146,584 ","  467,016 ","  491,155 ","  495,228 ","  537,660 ","  549,869 ","  578,814 ","  600,189 ","  600,368 ","  76,598 ","  1,956 ","  39,223 "
,,,จำนวนนักท่องเที่ยว,รวม,"  282,455 ","  538,853 ","  545,713 ","  566,892 ","  623,438 ","  640,185 ","  665,744 ","  679,015 ","  701,741 ","  244,147 ","  127,350 ","  377,805 "
,,,,ชาวไทย,"  241,906 ","  358,859 ","  372,372 ","  391,062 ","  435,392 ","  450,193 ","  468,197 ","  479,068 ","  501,944 ","  216,162 ","  126,369 ","  364,138 "
,,,,ชาวต่างประเทศ,"  40,549 ","  179,994 ","  173,341 ","  175,830 ","  188,046 ","  189,992 ","  197,547 ","  199,947 ","  199,797 ","  27,985 ",  981 ,"  13,667 "
,,,จำนวนนักทัศนาจร,รวม,"  803,978 ","  935,439 ","  1,007,457 ","  1,046,181 ","  1,191,951 ","  1,256,364 ","  1,348,537 ","  1,419,329 ","  1,423,170 ","  600,002 ","  332,545 ","  1,155,631 "
,,,,ชาวไทย,"  697,943 ","  648,417 ","  689,643 ","  726,783 ","  842,337 ","  896,487 ","  967,270 ","  1,019,087 ","  1,022,599 ","  551,389 ","  331,570 ","  1,130,075 "
,,,,ชาวต่างประเทศ,"  106,035 ","  287,022 ","  317,814 ","  319,398 ","  349,614 ","  359,877 ","  381,267 ","  400,242 ","  400,571 ","  48,613 ",  975 ,"  25,556 "
,,รายได้การท่องเที่ยว (ล้านบาท),ผู้เยี่ยมเยือน,รวม,  996.73 ,"  1,979.86 ","  2,199.57 ","  2,323.12 ","  2,711.66 ","  2,876.04 ","  3,172.61 ","  3,391.23 ","  3,470.34 ","  1,096.60 ",  538.63 ,"  2,012.64 "
,,,,ชาวไทย,  810.09 ,"  1,171.01 ","  1,341.65 ","  1,422.37 ","  1,659.06 ","  1,780.69 ","  1,938.03 ","  2,066.11 ","  2,124.22 ",  958.78 ,  535.25 ,"  1,938.82 "
,,,,ชาวต่างประเทศ,  186.64 ,  808.85 ,  857.92 ,  900.75 ,"  1,052.60 ","  1,095.35 ","  1,234.58 ","  1,325.12 ","  1,346.12 ",  137.82 ,  3.38 ,  73.82 
,พระนครศรีอยุธยา,จำนวนผู้เยี่ยมเยือน,รวม,รวม,"  4,890,949 ","  6,066,545 ","  6,226,424 ","  6,698,561 ","  6,994,538 ","  7,216,514 ","  7,631,557 ","  8,349,613 ","  8,292,809 ","  3,492,630 ","  2,391,478 ","  7,933,558 "
,,,,ชาวไทย,"  3,967,499 ","  4,490,161 ","  4,569,785 ","  4,902,774 ","  5,189,040 ","  5,365,586 ","  5,683,569 ","  6,302,621 ","  6,183,177 ","  3,242,608 ","  2,377,908 ","  7,607,278 "
,,,,ชาวต่างประเทศ,"  923,450 ","  1,576,384 ","  1,656,639 ","  1,795,787 ","  1,805,498 ","  1,850,928 ","  1,947,988 ","  2,046,992 ","  2,109,632 ","  250,022 ","  13,570 ","  326,280 "
,,,จำนวนนักท่องเที่ยว,รวม,"  1,028,297 ","  1,387,972 ","  1,393,257 ","  1,485,458 ","  1,548,608 ","  1,582,905 ","  1,637,181 ","  1,723,710 ","  1,691,483 ","  773,276 ","  455,788 ","  1,252,594 "
,,,,ชาวไทย,"  851,323 ","  1,068,100 ","  1,073,412 ","  1,142,119 ","  1,205,428 ","  1,237,790 ","  1,281,574 ","  1,354,163 ","  1,325,572 ","  714,663 ","  453,323 ","  1,208,440 "
,,,,ชาวต่างประเทศ,"  176,974 ","  319,872 ","  319,845 ","  343,339 ","  343,180 ","  345,115 ","  355,607 ","  369,547 ","  365,911 ","  58,613 ","  2,465 ","  44,154 "
,,,จำนวนนักทัศนาจร,รวม,"  3,862,652 ","  4,678,573 ","  4,833,167 ","  5,213,103 ","  5,445,930 ","  5,633,609 ","  5,994,376 ","  6,625,903 ","  6,601,326 ","  2,719,354 ","  1,935,690 ","  6,680,964 "
,,,,ชาวไทย,"  3,116,176 ","  3,422,061 ","  3,496,373 ","  3,760,655 ","  3,983,612 ","  4,127,796 ","  4,401,995 ","  4,948,458 ","  4,857,605 ","  2,527,945 ","  1,924,585 ","  6,398,838 "
,,,,ชาวต่างประเทศ,"  746,476 ","  1,256,512 ","  1,336,794 ","  1,452,448 ","  1,462,318 ","  1,505,813 ","  1,592,381 ","  1,677,445 ","  1,743,721 ","  191,409 ","  11,105 ","  282,126 "
,,รายได้การท่องเที่ยว (ล้านบาท),ผู้เยี่ยมเยือน,รวม,"  7,823.28 ","  11,569.24 ","  12,235.03 ","  13,446.66 ","  14,485.17 ","  15,309.69 ","  16,901.48 ","  19,016.22 ","  19,153.92 ","  6,380.63 ","  4,020.57 ","  12,746.41 "
,,,,ชาวไทย,"  5,759.82 ","  7,642.00 ","  8,170.42 ","  9,013.07 ","  9,752.11 ","  10,379.51 ","  11,423.00 ","  12,997.90 ","  12,988.61 ","  5,796.01 ","  3,991.15 ","  11,995.36 "
,,,,ชาวต่างประเทศ,"  2,063.46 ","  3,927.24 ","  4,064.61 ","  4,433.59 ","  4,733.06 ","  4,930.18 ","  5,478.48 ","  6,018.32 ","  6,165.31 ",  584.62 ,  29.42 ,  751.05 
,อ่างทอง,จำนวนผู้เยี่ยมเยือน,รวม,รวม,"  304,335 ","  518,293 ","  557,238 ","  615,604 ","  734,058 ","  730,502 ","  775,367 ","  816,632 ","  828,556 ","  391,290 ","  261,820 ","  675,232 "
,,,,ชาวไทย,"  304,032 ","  499,247 ","  536,290 ","  591,935 ","  705,125 ","  701,277 ","  744,057 ","  783,962 ","  796,444 ","  382,667 ","  261,509 ","  674,563 "
,,,,ชาวต่างประเทศ,  303 ,"  19,046 ","  20,948 ","  23,669 ","  28,933 ","  29,225 ","  31,310 ","  32,670 ","  32,112 ","  8,623 ",  311 ,  669 
,,,จำนวนนักท่องเที่ยว,รวม,"  137,323 ","  203,667 ","  219,256 ","  239,724 ","  282,485 ","  267,279 ","  277,530 ","  285,797 ","  292,560 ","  103,423 ","  52,938 ","  134,868 "
,,,,ชาวไทย,"  137,158 ","  203,202 ","  218,592 ","  238,996 ","  281,621 ","  266,495 ","  276,701 ","  284,928 ","  291,633 ","  103,147 ","  52,913 ","  134,666 "
,,,,ชาวต่างประเทศ,  165 ,  465 ,  664 ,  728 ,  864 ,  784 ,  829 ,  869 ,  927 ,  276 ,  25 ,  202 
,,,จำนวนนักทัศนาจร,รวม,"  167,012 ","  314,626 ","  337,982 ","  375,880 ","  451,573 ","  463,223 ","  497,837 ","  530,835 ","  535,996 ","  287,867 ","  208,882 ","  540,364 "
,,,,ชาวไทย,"  166,874 ","  296,045 ","  317,698 ","  352,939 ","  423,504 ","  434,782 ","  467,356 ","  499,034 ","  504,811 ","  279,520 ","  208,596 ","  539,897 "
,,,,ชาวต่างประเทศ,  138 ,"  18,581 ","  20,284 ","  22,941 ","  28,069 ","  28,441 ","  30,481 ","  31,801 ","  31,185 ","  8,347 ",  286 ,  467 
,,รายได้การท่องเที่ยว (ล้านบาท),ผู้เยี่ยมเยือน,รวม,  353.64 ,  506.58 ,  583.93 ,  659.55 ,  818.36 ,  847.27 ,  920.84 ,  993.54 ,"  1,013.52 ",  436.20 ,  245.58 ,  687.01 
,,,,ชาวไทย,  353.09 ,  489.08 ,  565.31 ,  638.22 ,  790.74 ,  818.43 ,  888.05 ,  957.48 ,  977.90 ,  426.95 ,  245.25 ,  685.81 
,,,,ชาวต่างประเทศ,  0.55 ,  17.50 ,  18.62 ,  21.33 ,  27.62 ,  28.84 ,  32.79 ,  36.06 ,  35.62 ,  9.25 ,  0.33 ,  1.20 
,ลพบุรี,จำนวนผู้เยี่ยมเยือน,รวม,รวม,"  1,485,662 ","  2,787,525 ","  2,802,940 ","  2,929,199 ","  3,073,952 ","  3,165,905 ","  3,355,619 ","  3,454,627 ","  3,531,853 ","  1,622,264 ","  950,852 ","  4,017,045 "
,,,,ชาวไทย,"  1,477,598 ","  2,774,148 ","  2,787,866 ","  2,914,619 ","  3,055,623 ","  3,146,868 ","  3,335,355 ","  3,434,056 ","  3,509,894 ","  1,616,860 ","  949,966 ","  4,010,355 "
,,,,ชาวต่างประเทศ,"  8,064 ","  13,377 ","  15,074 ","  14,580 ","  18,329 ","  19,037 ","  20,264 ","  20,571 ","  21,959 ","  5,404 ",  886 ,"  6,690 "
,,,จำนวนนักท่องเที่ยว,รวม,"  338,065 ","  972,729 ","  1,017,407 ","  1,032,521 ","  1,086,428 ","  1,107,319 ","  1,157,011 ","  1,115,751 ","  1,157,980 ","  519,524 ","  376,970 ","  1,061,284 "
,,,,ชาวไทย,"  333,161 ","  966,110 ","  1,010,038 ","  1,025,505 ","  1,078,379 ","  1,098,904 ","  1,148,049 ","  1,107,250 ","  1,148,413 ","  516,846 ","  376,696 ","  1,059,529 "
,,,,ชาวต่างประเทศ,"  4,904 ","  6,619 ","  7,369 ","  7,016 ","  8,049 ","  8,415 ","  8,962 ","  8,501 ","  9,567 ","  2,678 ",  274 ,"  1,755 "
,,,จำนวนนักทัศนาจร,รวม,"  1,147,597 ","  1,814,796 ","  1,785,533 ","  1,896,678 ","  1,987,524 ","  2,058,586 ","  2,198,608 ","  2,338,876 ","  2,373,873 ","  1,102,740 ","  573,882 ","  2,955,761 "
,,,,ชาวไทย,"  1,144,437 ","  1,808,038 ","  1,777,828 ","  1,889,114 ","  1,977,244 ","  2,047,964 ","  2,187,306 ","  2,326,806 ","  2,361,481 ","  1,100,014 ","  573,270 ","  2,950,826 "
,,,,ชาวต่างประเทศ,"  3,160 ","  6,758 ","  7,705 ","  7,564 ","  10,280 ","  10,622 ","  11,302 ","  12,070 ","  12,392 ","  2,726 ",  612 ,"  4,935 "
,,รายได้การท่องเที่ยว (ล้านบาท),ผู้เยี่ยมเยือน,รวม,"  1,282.34 ","  3,760.98 ","  3,908.99 ","  4,080.74 ","  4,484.88 ","  4,809.54 ","  5,304.47 ","  5,574.02 ","  5,750.92 ","  2,411.39 ","  1,325.07 ","  4,803.64 "
,,,,ชาวไทย,"  1,269.26 ","  3,738.06 ","  3,880.85 ","  4,053.01 ","  4,452.73 ","  4,774.74 ","  5,264.61 ","  5,532.65 ","  5,705.82 ","  2,399.65 ","  1,323.76 ","  4,793.06 "
,,,,ชาวต่างประเทศ,  13.08 ,  22.92 ,  28.14 ,  27.73 ,  32.15 ,  34.80 ,  39.86 ,  41.37 ,  45.10 ,  11.74 ,  1.31 ,  10.58 
,สิงห์บุรี,จำนวนผู้เยี่ยมเยือน,รวม,รวม,"  279,906 ","  406,594 ","  424,381 ","  447,554 ","  480,211 ","  503,259 ","  532,985 ","  552,996 ","  577,495 ","  265,693 ","  184,926 ","  650,137 "
,,,,ชาวไทย,"  278,293 ","  404,179 ","  421,997 ","  445,131 ","  477,652 ","  500,594 ","  530,101 ","  549,985 ","  574,277 ","  265,226 ","  184,723 ","  646,177 "
,,,,ชาวต่างประเทศ,"  1,613 ","  2,415 ","  2,384 ","  2,423 ","  2,559 ","  2,665 ","  2,884 ","  3,011 ","  3,218 ",  467 ,  203 ,"  3,960 "
,,,จำนวนนักท่องเที่ยว,รวม,"  113,949 ","  165,476 ","  163,855 ","  173,014 ","  185,011 ","  189,863 ","  198,089 ","  201,464 ","  219,879 ","  89,016 ","  60,779 ","  201,973 "
,,,,ชาวไทย,"  113,017 ","  164,531 ","  162,999 ","  172,139 ","  184,089 ","  188,910 ","  197,075 ","  200,403 ","  218,658 ","  88,872 ","  60,760 ","  201,254 "
,,,,ชาวต่างประเทศ,  932 ,  945 ,  856 ,  875 ,  922 ,  953 ,"  1,014 ","  1,061 ","  1,221 ",  144 ,  19 ,  719 
,,,จำนวนนักทัศนาจร,รวม,"  165,957 ","  241,118 ","  260,526 ","  274,540 ","  295,200 ","  313,396 ","  334,896 ","  351,532 ","  357,616 ","  176,677 ","  124,147 ","  448,164 "
,,,,ชาวไทย,"  165,276 ","  239,648 ","  258,998 ","  272,992 ","  293,563 ","  311,684 ","  333,026 ","  349,582 ","  355,619 ","  176,354 ","  123,963 ","  444,923 "
,,,,ชาวต่างประเทศ,  681 ,"  1,470 ","  1,528 ","  1,548 ","  1,637 ","  1,712 ","  1,870 ","  1,950 ","  1,997 ",  323 ,  184 ,"  3,241 "
,,รายได้การท่องเที่ยว (ล้านบาท),ผู้เยี่ยมเยือน,รวม,  311.36 ,  544.20 ,  582.59 ,  625.67 ,  684.71 ,  734.73 ,  789.01 ,  833.11 ,  877.62 ,  376.10 ,  253.56 ,  883.88 
,,,,ชาวไทย,  309.30 ,  540.73 ,  579.13 ,  622.14 ,  680.96 ,  730.73 ,  784.49 ,  828.15 ,  872.17 ,  375.35 ,  253.29 ,  877.95 
,,,,ชาวต่างประเทศ,  2.06 ,  3.47 ,  3.46 ,  3.53 ,  3.75 ,  4.00 ,  4.52 ,  4.96 ,  5.45 ,  0.75 ,  0.27 ,  5.93 
,,สถานประกอบการที่พักแรม,จำนวนห้อง,รวม,  540 ,  548 ,  502 ,  582 ,  583 ,  582 ,  613 ,  617 ,  791 ,  801 ,  821 ,  851 
,,,อัตราการเข้าพัก,รวม,  38.21 ,  43.39 ,  49.30 ,  51.42 ,  57.03 ,  59.35 ,  61.04 ,  61.59 ,  58.94 ,  25.62 ,  15.24 ,  38.84 
,,,จำนวนผู้ที่มาเข้าพัก,รวม,"  83,957 ","  96,865 ","  114,107 ","  134,293 ","  147,038 ","  151,794 ","  160,066 ","  163,702 ","  184,656 ","  79,500 ","  50,121 ","  157,688 "
,,,,ชาวไทย,"  83,142 ","  96,079 ","  113,251 ","  133,418 ","  146,116 ","  150,841 ","  159,052 ","  162,641 ","  183,435 ","  79,356 ","  50,102 ","  156,969 "
,,,,ชาวต่างประเทศ,  815 ,  786 ,  856 ,  875 ,  922 ,  953 ,"  1,014 ","  1,061 ","  1,221 ",  144 ,  19 ,  719 
,ชัยนาท,จำนวนผู้เยี่ยมเยือน,รวม,รวม,"  163,371 ","  392,174 ","  402,894 ","  523,053 ","  739,621 ","  767,707 ","  825,596 ","  850,839 ","  853,942 ","  404,923 ","  323,017 ","  801,540 "
,,,,ชาวไทย,"  162,455 ","  390,477 ","  400,616 ","  520,029 ","  735,620 ","  763,589 ","  821,231 ","  846,402 ","  849,408 ","  403,951 ","  322,960 ","  799,950 "
,,,,ชาวต่างประเทศ,  916 ,"  1,697 ","  2,278 ","  3,024 ","  4,001 ","  4,118 ","  4,365 ","  4,437 ","  4,534 ",  972 ,  57 ,"  1,590 "
,,,จำนวนนักท่องเที่ยว,รวม,"  108,061 ","  184,091 ","  185,445 ","  241,397 ","  341,630 ","  352,253 ","  374,426 ","  378,126 ","  379,562 ","  152,493 ","  92,380 ","  228,793 "
,,,,ชาวไทย,"  107,422 ","  183,049 ","  184,274 ","  239,825 ","  339,554 ","  350,132 ","  372,204 ","  375,919 ","  377,276 ","  151,996 ","  92,355 ","  228,345 "
,,,,ชาวต่างประเทศ,  639 ,"  1,042 ","  1,171 ","  1,572 ","  2,076 ","  2,121 ","  2,222 ","  2,207 ","  2,286 ",  497 ,  25 ,  448 
,,,จำนวนนักทัศนาจร,รวม,"  55,310 ","  208,083 ","  217,449 ","  281,656 ","  397,991 ","  415,454 ","  451,170 ","  472,713 ","  474,380 ","  252,430 ","  230,637 ","  572,747 "
,,,,ชาวไทย,"  55,033 ","  207,428 ","  216,342 ","  280,204 ","  396,066 ","  413,457 ","  449,027 ","  470,483 ","  472,132 ","  251,955 ","  230,605 ","  571,605 "
,,,,ชาวต่างประเทศ,  277 ,  655 ,"  1,107 ","  1,452 ","  1,925 ","  1,997 ","  2,143 ","  2,230 ","  2,248 ",  475 ,  32 ,"  1,142 "
,,รายได้การท่องเที่ยว (ล้านบาท),ผู้เยี่ยมเยือน,รวม,  192.71 ,  499.88 ,  511.37 ,  684.35 ,"  1,023.26 ","  1,107.86 ","  1,236.34 ","  1,321.59 ","  1,336.56 ",  547.19 ,  360.01 ,"  1,028.38 "
,,,,ชาวไทย,  191.20 ,  497.30 ,  508.16 ,  679.95 ,"  1,017.06 ","  1,101.29 ","  1,229.04 ","  1,313.68 ","  1,328.47 ",  545.52 ,  359.91 ,"  1,025.95 "
,,,,ชาวต่างประเทศ,  1.51 ,  2.58 ,  3.21 ,  4.40 ,  6.20 ,  6.57 ,  7.30 ,  7.91 ,  8.09 ,  1.67 ,  0.10 ,  2.43 
,สระบุรี,จำนวนผู้เยี่ยมเยือน,รวม,รวม,"  3,323,861 ","  3,611,197 ","  3,758,125 ","  3,671,852 ","  3,901,204 ","  4,033,081 ","  4,204,992 ","  4,356,276 ","  4,390,001 ","  1,686,377 ","  1,212,289 ","  4,051,441 "
,,,,ชาวไทย,"  3,309,380 ","  3,490,963 ","  3,658,087 ","  3,578,036 ","  3,804,696 ","  3,935,288 ","  4,103,024 ","  4,251,261 ","  4,286,582 ","  1,676,616 ","  1,211,052 ","  4,041,644 "
,,,,ชาวต่างประเทศ,"  14,481 ","  120,234 ","  100,038 ","  93,816 ","  96,508 ","  97,793 ","  101,968 ","  105,015 ","  103,419 ","  9,761 ","  1,237 ","  9,797 "
,,,จำนวนนักท่องเที่ยว,รวม,"  1,027,604 ","  1,277,252 ","  1,346,804 ","  1,320,860 ","  1,376,246 ","  1,425,752 ","  1,457,898 ","  1,464,136 ","  1,461,641 ","  640,986 ","  396,764 ","  1,257,000 "
,,,,ชาวไทย,"  1,017,963 ","  1,240,849 ","  1,309,311 ","  1,286,638 ","  1,342,843 ","  1,392,786 ","  1,423,994 ","  1,430,357 ","  1,427,870 ","  635,998 ","  396,239 ","  1,253,602 "
,,,,ชาวต่างประเทศ,"  9,641 ","  36,403 ","  37,493 ","  34,222 ","  33,403 ","  32,966 ","  33,904 ","  33,779 ","  33,771 ","  4,988 ",  525 ,"  3,398 "
,,,จำนวนนักทัศนาจร,รวม,"  2,296,257 ","  2,333,945 ","  2,411,321 ","  2,350,992 ","  2,524,958 ","  2,607,329 ","  2,747,094 ","  2,892,140 ","  2,928,360 ","  1,045,391 ","  815,525 ","  2,794,441 "
,,,,ชาวไทย,"  2,291,417 ","  2,250,114 ","  2,348,776 ","  2,291,398 ","  2,461,853 ","  2,542,502 ","  2,679,030 ","  2,820,904 ","  2,858,712 ","  1,040,618 ","  814,813 ","  2,788,042 "
,,,,ชาวต่างประเทศ,"  4,840 ","  83,831 ","  62,545 ","  59,594 ","  63,105 ","  64,827 ","  68,064 ","  71,236 ","  69,648 ","  4,773 ",  712 ,"  6,399 "
,,รายได้การท่องเที่ยว (ล้านบาท),ผู้เยี่ยมเยือน,รวม,"  3,632.41 ","  5,261.11 ","  5,297.27 ","  5,203.36 ","  5,558.86 ","  6,010.48 ","  6,470.82 ","  6,758.74 ","  6,810.88 ","  2,585.87 ","  1,835.26 ","  6,345.06 "
,,,,ชาวไทย,"  3,589.39 ","  5,063.83 ","  5,117.15 ","  5,035.17 ","  5,383.87 ","  5,828.93 ","  6,271.22 ","  6,550.87 ","  6,607.94 ","  2,566.51 ","  1,833.16 ","  6,325.63 "
,,,,ชาวต่างประเทศ,  43.02 ,  197.28 ,  180.12 ,  168.19 ,  174.99 ,  181.55 ,  199.60 ,  207.87 ,  202.94 ,  19.36 ,  2.10 ,  19.43 
,ชลบุรี,จำนวนผู้เยี่ยมเยือน,รวม,รวม,"  10,823,369 ","  11,224,397 ","  11,736,488 ","  10,843,412 ","  11,742,224 ","  16,252,009 ","  17,403,161 ","  18,211,539 ","  18,602,920 ","  7,477,244 ","  3,409,141 ","  14,552,771 "
,,,,ชาวไทย,"  4,536,581 ","  4,430,332 ","  4,520,383 ","  4,367,710 ","  4,784,716 ","  7,615,058 ","  8,131,144 ","  8,569,217 ","  8,636,346 ","  5,668,639 ","  3,375,258 ","  12,704,066 "
,,,,ชาวต่างประเทศ,"  6,286,788 ","  6,794,065 ","  7,216,105 ","  6,475,702 ","  6,957,508 ","  8,636,951 ","  9,272,017 ","  9,642,322 ","  9,966,574 ","  1,808,605 ","  33,883 ","  1,848,705 "
,,,จำนวนนักท่องเที่ยว,รวม,"  9,028,523 ","  9,753,227 ","  10,167,469 ","  9,246,430 ","  10,002,914 ","  13,812,345 ","  14,856,510 ","  15,521,103 ","  15,810,368 ","  5,957,923 ","  2,316,951 ","  9,984,883 "
,,,,ชาวไทย,"  2,885,506 ","  3,092,548 ","  3,097,378 ","  2,909,259 ","  3,199,439 ","  5,364,972 ","  5,782,629 ","  6,087,873 ","  6,060,727 ","  4,205,360 ","  2,286,381 ","  8,313,657 "
,,,,ชาวต่างประเทศ,"  6,143,017 ","  6,660,679 ","  7,070,091 ","  6,337,171 ","  6,803,475 ","  8,447,373 ","  9,073,881 ","  9,433,230 ","  9,749,641 ","  1,752,563 ","  30,570 ","  1,671,226 "
,,,จำนวนนักทัศนาจร,รวม,"  1,794,846 ","  1,471,170 ","  1,569,019 ","  1,596,982 ","  1,739,310 ","  2,439,664 ","  2,546,651 ","  2,690,436 ","  2,792,552 ","  1,519,321 ","  1,092,190 ","  4,567,888 "
,,,,ชาวไทย,"  1,651,075 ","  1,337,784 ","  1,423,005 ","  1,458,451 ","  1,585,277 ","  2,250,086 ","  2,348,515 ","  2,481,344 ","  2,575,619 ","  1,463,279 ","  1,088,877 ","  4,390,409 "
,,,,ชาวต่างประเทศ,"  143,771 ","  133,386 ","  146,014 ","  138,531 ","  154,033 ","  189,578 ","  198,136 ","  209,092 ","  216,933 ","  56,042 ","  3,313 ","  177,479 "
,,รายได้การท่องเที่ยว (ล้านบาท),ผู้เยี่ยมเยือน,รวม,"  94,845.90 ","  100,537.49 ","  111,108.81 ","  108,092.10 ","  133,938.30 ","  206,271.88 ","  240,610.45 ","  264,543.05 ","  276,328.34 ","  79,158.21 ","  20,196.37 ","  105,141.61 "
,,,,ชาวไทย,"  23,690.22 ","  22,580.85 ","  23,702.06 ","  23,313.87 ","  26,510.88 ","  44,014.17 ","  49,207.72 ","  53,734.41 ","  55,499.48 ","  32,730.30 ","  19,663.25 ","  74,887.78 "
,,,,ชาวต่างประเทศ,"  71,155.68 ","  77,956.64 ","  87,406.75 ","  84,778.23 ","  107,427.42 ","  162,257.71 ","  191,402.73 ","  210,808.64 ","  220,828.86 ","  46,427.91 ",  533.12 ,"  30,253.83 "
,ระยอง,จำนวนผู้เยี่ยมเยือน,รวม,รวม,"  4,583,551 ","  5,347,954 ","  5,643,533 ","  6,150,336 ","  6,650,710 ","  6,929,843 ","  7,319,948 ","  7,761,662 ","  7,877,379 ","  3,193,523 ","  1,627,546 ","  2,941,557 "
,,,,ชาวไทย,"  4,336,032 ","  4,877,889 ","  5,169,919 ","  5,678,118 ","  6,151,526 ","  6,419,164 ","  6,792,732 ","  7,208,733 ","  7,310,599 ","  3,074,852 ","  1,611,200 ","  2,830,657 "
,,,,ชาวต่างประเทศ,"  247,519 ","  470,065 ","  473,614 ","  472,218 ","  499,184 ","  510,679 ","  527,216 ","  552,929 ","  566,780 ","  118,671 ","  16,346 ","  110,900 "
,,,จำนวนนักท่องเที่ยว,รวม,"  2,978,355 ","  3,311,227 ","  3,461,717 ","  3,854,783 ","  4,171,188 ","  4,352,435 ","  4,615,178 ","  4,885,274 ","  4,940,414 ","  2,091,102 ","  1,119,364 ","  2,124,347 "
,,,,ชาวไทย,"  2,760,879 ","  2,928,471 ","  3,080,952 ","  3,478,384 ","  3,773,969 ","  3,947,108 ","  4,197,945 ","  4,447,401 ","  4,492,065 ","  2,007,494 ","  1,104,957 ","  2,055,797 "
,,,,ชาวต่างประเทศ,"  217,476 ","  382,756 ","  380,765 ","  376,399 ","  397,219 ","  405,327 ","  417,233 ","  437,873 ","  448,349 ","  83,608 ","  14,407 ","  68,550 "
,,,จำนวนนักทัศนาจร,รวม,"  1,605,196 ","  2,036,727 ","  2,181,816 ","  2,295,553 ","  2,479,522 ","  2,577,408 ","  2,704,770 ","  2,876,388 ","  2,936,965 ","  1,102,421 ","  508,182 ","  817,210 "
,,,,ชาวไทย,"  1,575,153 ","  1,949,418 ","  2,088,967 ","  2,199,734 ","  2,377,557 ","  2,472,056 ","  2,594,787 ","  2,761,332 ","  2,818,534 ","  1,067,358 ","  506,243 ","  774,860 "
,,,,ชาวต่างประเทศ,"  30,043 ","  87,309 ","  92,849 ","  95,819 ","  101,965 ","  105,352 ","  109,983 ","  115,056 ","  118,431 ","  35,063 ","  1,939 ","  42,350 "
,,รายได้การท่องเที่ยว (ล้านบาท),ผู้เยี่ยมเยือน,รวม,"  17,891.39 ","  22,294.76 ","  23,541.67 ","  25,123.85 ","  28,379.66 ","  30,614.44 ","  33,811.36 ","  36,858.05 ","  37,081.19 ","  12,763.60 ","  6,348.60 ","  12,734.85 "
,,,,ชาวไทย,"  16,144.28 ","  18,830.25 ","  20,095.66 ","  21,496.64 ","  24,346.79 ","  26,383.53 ","  29,192.58 ","  31,807.50 ","  32,004.44 ","  11,943.24 ","  6,264.52 ","  12,204.18 "
,,,,ชาวต่างประเทศ,"  1,747.11 ","  3,464.51 ","  3,446.01 ","  3,627.21 ","  4,032.87 ","  4,230.91 ","  4,618.78 ","  5,050.55 ","  5,076.75 ",  820.36 ,  84.08 ,  530.67 
,จันทบุรี,จำนวนผู้เยี่ยมเยือน,รวม,รวม,"  1,518,859 ","  1,559,370 ","  1,645,811 ","  1,700,799 ","  1,869,469 ","  1,943,860 ","  2,360,286 ","  2,468,214 ","  2,484,480 ","  1,437,189 ","  803,062 ","  1,402,269 "
,,,,ชาวไทย,"  1,467,195 ","  1,488,038 ","  1,571,614 ","  1,626,262 ","  1,791,080 ","  1,862,998 ","  2,270,094 ","  2,374,026 ","  2,390,150 ","  1,423,852 ","  800,832 ","  1,392,357 "
,,,,ชาวต่างประเทศ,"  51,664 ","  71,332 ","  74,197 ","  74,537 ","  78,389 ","  80,862 ","  90,192 ","  94,188 ","  94,330 ","  13,337 ","  2,230 ","  9,912 "
,,,จำนวนนักท่องเที่ยว,รวม,"  1,095,215 ","  1,072,348 ","  1,119,447 ","  1,157,567 ","  1,291,710 ","  1,344,081 ","  1,716,230 ","  1,787,728 ","  1,786,577 ","  993,764 ","  604,728 ","  1,020,262 "
,,,,ชาวไทย,"  1,058,692 ","  1,018,905 ","  1,064,307 ","  1,102,719 ","  1,234,299 ","  1,285,453 ","  1,649,344 ","  1,718,029 ","  1,716,839 ","  983,667 ","  603,012 ","  1,014,889 "
,,,,ชาวต่างประเทศ,"  36,523 ","  53,443 ","  55,140 ","  54,848 ","  57,411 ","  58,628 ","  66,886 ","  69,699 ","  69,738 ","  10,097 ","  1,716 ","  5,373 "
,,,จำนวนนักทัศนาจร,รวม,"  423,644 ","  487,022 ","  526,364 ","  543,232 ","  577,759 ","  599,779 ","  644,056 ","  680,486 ","  697,903 ","  443,425 ","  198,334 ","  382,007 "
,,,,ชาวไทย,"  408,503 ","  469,133 ","  507,307 ","  523,543 ","  556,781 ","  577,545 ","  620,750 ","  655,997 ","  673,311 ","  440,185 ","  197,820 ","  377,468 "
,,,,ชาวต่างประเทศ,"  15,141 ","  17,889 ","  19,057 ","  19,689 ","  20,978 ","  22,234 ","  23,306 ","  24,489 ","  24,592 ","  3,240 ",  514 ,"  4,539 "
,,รายได้การท่องเที่ยว (ล้านบาท),ผู้เยี่ยมเยือน,รวม,"  4,125.66 ","  4,213.80 ","  4,568.52 ","  4,734.04 ","  5,263.35 ","  5,700.99 ","  7,628.47 ","  8,520.18 ","  8,713.84 ","  4,223.06 ","  2,187.38 ","  4,619.98 "
,,,,ชาวไทย,"  3,927.01 ","  3,914.87 ","  4,250.15 ","  4,402.23 ","  4,896.68 ","  5,311.73 ","  7,151.82 ","  7,984.60 ","  8,171.84 ","  4,127.77 ","  2,179.34 ","  4,583.62 "
,,,,ชาวต่างประเทศ,  198.65 ,  298.93 ,  318.37 ,  331.81 ,  366.67 ,  389.26 ,  476.65 ,  535.58 ,  542.00 ,  95.29 ,  8.04 ,  36.36 
,ตราด,จำนวนผู้เยี่ยมเยือน,รวม,รวม,"  1,097,352 ","  1,625,918 ","  1,685,537 ","  1,742,621 ","  1,864,064 ","  1,978,489 ","  2,089,125 ","  2,178,704 ","  2,278,251 ","  1,107,719 ","  704,965 ","  1,372,422 "
,,,,ชาวไทย,"  859,093 ","  1,255,511 ","  1,281,384 ","  1,325,966 ","  1,416,041 ","  1,490,651 ","  1,583,249 ","  1,650,140 ","  1,724,793 ","  942,744 ","  697,671 ","  1,327,428 "
,,,,ชาวต่างประเทศ,"  238,259 ","  370,407 ","  404,153 ","  416,655 ","  448,023 ","  487,838 ","  505,876 ","  528,564 ","  553,458 ","  164,975 ","  7,294 ","  44,994 "
,,,จำนวนนักท่องเที่ยว,รวม,"  1,037,272 ","  1,547,198 ","  1,600,817 ","  1,655,249 ","  1,770,554 ","  1,881,496 ","  1,987,449 ","  2,071,961 ","  2,167,927 ","  1,066,963 ","  667,590 ","  1,320,278 "
,,,,ชาวไทย,"  810,145 ","  1,199,712 ","  1,221,857 ","  1,264,619 ","  1,350,606 ","  1,422,987 ","  1,512,148 ","  1,575,411 ","  1,648,189 ","  907,379 ","  660,496 ","  1,281,880 "
,,,,ชาวต่างประเทศ,"  227,127 ","  347,486 ","  378,960 ","  390,630 ","  419,948 ","  458,509 ","  475,301 ","  496,550 ","  519,738 ","  159,584 ","  7,094 ","  38,398 "
,,,จำนวนนักทัศนาจร,รวม,"  60,080 ","  78,720 ","  84,720 ","  87,372 ","  93,510 ","  96,993 ","  101,676 ","  106,743 ","  110,324 ","  40,756 ","  37,375 ","  52,144 "
,,,,ชาวไทย,"  48,948 ","  55,799 ","  59,527 ","  61,347 ","  65,435 ","  67,664 ","  71,101 ","  74,729 ","  76,604 ","  35,365 ","  37,175 ","  45,548 "
,,,,ชาวต่างประเทศ,"  11,132 ","  22,921 ","  25,193 ","  26,025 ","  28,075 ","  29,329 ","  30,575 ","  32,014 ","  33,720 ","  5,391 ",  200 ,"  6,596 "
,,รายได้การท่องเที่ยว (ล้านบาท),ผู้เยี่ยมเยือน,รวม,"  7,498.03 ","  11,655.76 ","  12,607.00 ","  13,162.83 ","  14,445.05 ","  15,785.84 ","  17,498.74 ","  19,295.58 ","  19,713.73 ","  8,191.45 ","  3,931.64 ","  9,064.94 "
,,,,ชาวไทย,"  4,542.77 ","  7,113.41 ","  7,552.53 ","  7,942.92 ","  8,644.41 ","  9,226.56 ","  10,267.69 ","  11,311.57 ","  11,511.72 ","  5,829.20 ","  3,852.78 ","  8,542.57 "
,,,,ชาวต่างประเทศ,"  2,955.26 ","  4,542.35 ","  5,054.47 ","  5,219.91 ","  5,800.64 ","  6,559.28 ","  7,231.05 ","  7,984.01 ","  8,202.01 ","  2,362.25 ",  78.86 ,  522.37 
,ฉะเชิงเทรา,จำนวนผู้เยี่ยมเยือน,รวม,รวม,"  1,358,491 ","  2,615,076 ","  2,740,284 ","  2,794,003 ","  2,934,944 ","  3,047,651 ","  3,239,899 ","  3,408,573 ","  3,466,731 ","  2,086,015 ","  1,183,255 ","  4,627,125 "
,,,,ชาวไทย,"  1,346,114 ","  2,588,267 ","  2,712,317 ","  2,766,377 ","  2,906,450 ","  3,018,439 ","  3,209,047 ","  3,376,527 ","  3,434,559 ","  2,080,335 ","  1,182,999 ","  4,621,189 "
,,,,ชาวต่างประเทศ,"  12,377 ","  26,809 ","  27,967 ","  27,626 ","  28,494 ","  29,212 ","  30,852 ","  32,046 ","  32,172 ","  5,680 ",  256 ,"  5,936 "
,,,จำนวนนักท่องเที่ยว,รวม,"  366,362 ","  488,119 ","  520,621 ","  516,123 ","  540,100 ","  539,823 ","  560,611 ","  558,890 ","  552,982 ","  220,500 ","  91,935 ","  328,329 "
,,,,ชาวไทย,"  360,687 ","  480,527 ","  512,936 ","  508,623 ","  532,353 ","  532,456 ","  552,960 ","  551,294 ","  545,465 ","  219,659 ","  91,895 ","  326,714 "
,,,,ชาวต่างประเทศ,"  5,675 ","  7,592 ","  7,685 ","  7,500 ","  7,747 ","  7,367 ","  7,651 ","  7,596 ","  7,517 ",  841 ,  40 ,"  1,615 "
,,,จำนวนนักทัศนาจร,รวม,"  992,129 ","  2,126,957 ","  2,219,663 ","  2,277,880 ","  2,394,844 ","  2,507,828 ","  2,679,288 ","  2,849,683 ","  2,913,749 ","  1,865,515 ","  1,091,320 ","  4,298,796 "
,,,,ชาวไทย,"  985,427 ","  2,107,740 ","  2,199,381 ","  2,257,754 ","  2,374,097 ","  2,485,983 ","  2,656,087 ","  2,825,233 ","  2,889,094 ","  1,860,676 ","  1,091,104 ","  4,294,475 "
,,,,ชาวต่างประเทศ,"  6,702 ","  19,217 ","  20,282 ","  20,126 ","  20,747 ","  21,845 ","  23,201 ","  24,450 ","  24,655 ","  4,839 ",  216 ,"  4,321 "
,,รายได้การท่องเที่ยว (ล้านบาท),ผู้เยี่ยมเยือน,รวม,"  1,967.99 ","  3,571.69 ","  3,735.06 ","  3,781.62 ","  3,984.33 ","  4,240.41 ","  4,655.55 ","  4,994.01 ","  5,085.78 ","  2,595.43 ","  1,458.54 ","  5,258.07 "
,,,,ชาวไทย,"  1,945.29 ","  3,528.32 ","  3,689.75 ","  3,735.93 ","  3,936.73 ","  4,190.73 ","  4,599.93 ","  4,934.10 ","  5,026.03 ","  2,587.85 ","  1,458.20 ","  5,247.80 "
,,,,ชาวต่างประเทศ,  22.70 ,  43.37 ,  45.31 ,  45.69 ,  47.60 ,  49.68 ,  55.62 ,  59.91 ,  59.75 ,  7.58 ,  0.34 ,  10.27 
,ปราจีนบุรี,จำนวนผู้เยี่ยมเยือน,รวม,รวม,"  1,017,149 ","  1,170,627 ","  1,277,036 ","  1,293,107 ","  1,338,269 ","  1,399,924 ","  1,590,322 ","  1,667,809 ","  1,752,579 ","  961,684 ","  542,002 ","  1,059,800 "
,,,,ชาวไทย,"  963,331 ","  1,090,317 ","  1,189,861 ","  1,204,931 ","  1,249,194 ","  1,307,844 ","  1,488,876 ","  1,563,340 ","  1,642,865 ","  939,797 ","  541,423 ","  1,057,226 "
,,,,ชาวต่างประเทศ,"  53,818 ","  80,310 ","  87,175 ","  88,176 ","  89,075 ","  92,080 ","  101,446 ","  104,469 ","  109,714 ","  21,887 ",  579 ,"  2,574 "
,,,จำนวนนักท่องเที่ยว,รวม,"  672,884 ","  720,525 ","  770,399 ","  774,448 ","  793,301 ","  828,031 ","  979,064 ","  1,016,535 ","  1,095,999 ","  581,210 ","  343,466 ","  664,254 "
,,,,ชาวไทย,"  634,196 ","  660,933 ","  706,034 ","  709,539 ","  728,324 ","  760,985 ","  903,684 ","  939,368 ","  1,013,588 ","  565,188 ","  342,979 ","  662,815 "
,,,,ชาวต่างประเทศ,"  38,688 ","  59,592 ","  64,365 ","  64,909 ","  64,977 ","  67,046 ","  75,380 ","  77,167 ","  82,411 ","  16,022 ",  487 ,"  1,439 "
,,,จำนวนนักทัศนาจร,รวม,"  344,265 ","  450,102 ","  506,637 ","  518,659 ","  544,968 ","  571,893 ","  611,258 ","  651,274 ","  656,580 ","  380,474 ","  198,536 ","  395,546 "
,,,,ชาวไทย,"  329,135 ","  429,384 ","  483,827 ","  495,392 ","  520,870 ","  546,859 ","  585,192 ","  623,972 ","  629,277 ","  374,609 ","  198,444 ","  394,411 "
,,,,ชาวต่างประเทศ,"  15,130 ","  20,718 ","  22,810 ","  23,267 ","  24,098 ","  25,034 ","  26,066 ","  27,302 ","  27,303 ","  5,865 ",  92 ,"  1,135 "
,,รายได้การท่องเที่ยว (ล้านบาท),ผู้เยี่ยมเยือน,รวม,"  2,086.48 ","  2,685.89 ","  3,140.69 ","  3,216.39 ","  3,504.49 ","  3,750.95 ","  4,604.73 ","  5,058.21 ","  5,299.25 ","  2,541.73 ","  1,274.56 ","  2,840.02 "
,,,,ชาวไทย,"  1,889.22 ","  2,400.11 ","  2,817.33 ","  2,886.39 ","  3,154.89 ","  3,382.92 ","  4,166.85 ","  4,584.33 ","  4,807.24 ","  2,480.00 ","  1,272.48 ","  2,831.32 "
,,,,ชาวต่างประเทศ,  197.26 ,  285.78 ,  323.36 ,  330.00 ,  349.60 ,  368.03 ,  437.88 ,  473.88 ,  492.01 ,  61.73 ,  2.08 ,  8.70 
,นครนายก,จำนวนผู้เยี่ยมเยือน,รวม,รวม,"  1,434,190 ","  2,170,260 ","  2,371,784 ","  2,438,502 ","  2,620,237 ","  2,738,677 ","  2,891,055 ","  3,032,853 ","  3,074,531 ","  1,920,269 ","  754,665 ","  1,574,782 "
,,,,ชาวไทย,"  1,426,577 ","  2,146,726 ","  2,347,548 ","  2,414,166 ","  2,594,143 ","  2,711,818 ","  2,863,229 ","  3,004,063 ","  3,046,158 ","  1,914,872 ","  753,228 ","  1,572,485 "
,,,,ชาวต่างประเทศ,"  7,613 ","  23,534 ","  24,236 ","  24,336 ","  26,094 ","  26,859 ","  27,826 ","  28,790 ","  28,373 ","  5,397 ","  1,437 ","  2,297 "
,,,จำนวนนักท่องเที่ยว,รวม,"  1,096,774 ","  1,301,451 ","  1,409,649 ","  1,442,635 ","  1,582,358 ","  1,652,117 ","  1,739,288 ","  1,799,094 ","  1,820,290 ","  1,093,062 ","  472,424 ","  1,079,938 "
,,,,ชาวไทย,"  1,090,018 ","  1,287,754 ","  1,396,063 ","  1,429,123 ","  1,567,757 ","  1,637,129 ","  1,723,804 ","  1,783,092 ","  1,804,632 ","  1,090,980 ","  471,310 ","  1,078,105 "
,,,,ชาวต่างประเทศ,"  6,756 ","  13,697 ","  13,586 ","  13,512 ","  14,601 ","  14,988 ","  15,484 ","  16,002 ","  15,658 ","  2,082 ","  1,114 ","  1,833 "
,,,จำนวนนักทัศนาจร,รวม,"  337,416 ","  868,809 ","  962,135 ","  995,867 ","  1,037,879 ","  1,086,560 ","  1,151,767 ","  1,233,759 ","  1,254,241 ","  827,207 ","  282,241 ","  494,844 "
,,,,ชาวไทย,"  336,559 ","  858,972 ","  951,485 ","  985,043 ","  1,026,386 ","  1,074,689 ","  1,139,425 ","  1,220,971 ","  1,241,526 ","  823,892 ","  281,918 ","  494,380 "
,,,,ชาวต่างประเทศ,  857 ,"  9,837 ","  10,650 ","  10,824 ","  11,493 ","  11,871 ","  12,342 ","  12,788 ","  12,715 ","  3,315 ",  323 ,  464 
,,รายได้การท่องเที่ยว (ล้านบาท),ผู้เยี่ยมเยือน,รวม,"  2,901.90 ","  3,899.40 ","  4,839.10 ","  5,034.10 ","  5,847.40 ","  6,230.56 ","  6,844.21 ","  7,461.55 ","  7,658.97 ","  4,216.71 ","  1,683.72 ","  4,302.68 "
,,,,ชาวไทย,"  2,873.06 ","  3,832.66 ","  4,768.03 ","  4,961.59 ","  5,763.45 ","  6,140.94 ","  6,746.30 ","  7,356.86 ","  7,556.32 ","  4,201.29 ","  1,678.43 ","  4,293.15 "
,,,,ชาวต่างประเทศ,  28.84 ,  66.74 ,  71.07 ,  72.51 ,  83.95 ,  89.62 ,  97.91 ,  104.69 ,  102.65 ,  15.42 ,  5.29 ,  9.53 
,,สถานประกอบการที่พักแรม,จำนวนห้อง,รวม,"  4,598 ","  4,898 ","  4,630 ","  4,382 ","  4,791 ","  5,190 ","  5,494 ","  5,494 ","  6,039 ","  6,026 ","  6,218 ","  6,306 "
,,,อัตราการเข้าพัก,รวม,  33.04 ,  41.33 ,  52.02 ,  54.49 ,  57.57 ,  59.58 ,  61.57 ,  63.79 ,  62.41 ,  35.65 ,  20.25 ,  53.55 
,,,จำนวนผู้ที่มาเข้าพัก,รวม,"  1,053,669 ","  1,131,089 ","  1,278,172 ","  1,309,223 ","  1,448,682 ","  1,535,859 ","  1,631,214 ","  1,688,459 ","  1,708,084 ","  1,012,387 ","  421,276 ","  1,016,067 "
,,,,ชาวไทย,"  1,046,944 ","  1,119,872 ","  1,266,251 ","  1,297,167 ","  1,435,416 ","  1,522,186 ","  1,616,999 ","  1,673,857 ","  1,693,875 ","  1,010,583 ","  420,180 ","  1,014,436 "
,,,,ชาวต่างประเทศ,"  6,725 ","  11,217 ","  11,921 ","  12,056 ","  13,266 ","  13,673 ","  14,215 ","  14,602 ","  14,209 ","  1,804 ","  1,096 ","  1,631 "
,สระแก้ว,จำนวนผู้เยี่ยมเยือน,รวม,รวม,"  1,055,807 ","  1,537,656 ","  1,641,734 ","  1,691,752 ","  1,790,612 ","  2,056,132 ","  2,155,142 ","  2,252,606 ","  2,224,944 ","  1,006,932 ","  372,628 ","  1,134,751 "
,,,,ชาวไทย,"  907,808 ","  1,330,620 ","  1,423,966 ","  1,468,247 ","  1,553,813 ","  1,790,451 ","  1,880,560 ","  1,968,794 ","  1,941,037 ","  969,366 ","  370,365 ","  1,126,130 "
,,,,ชาวต่างประเทศ,"  147,999 ","  207,036 ","  217,768 ","  223,505 ","  236,799 ","  265,681 ","  274,582 ","  283,812 ","  283,907 ","  37,566 ","  2,263 ","  8,621 "
,,,จำนวนนักท่องเที่ยว,รวม,"  458,696 ","  666,637 ","  701,016 ","  719,077 ","  757,514 ","  866,837 ","  909,155 ","  951,551 ","  932,058 ","  456,398 ","  195,624 ","  481,247 "
,,,,ชาวไทย,"  423,947 ","  619,952 ","  657,419 ","  675,451 ","  711,539 ","  818,295 ","  859,457 ","  900,685 ","  881,725 ","  447,304 ","  194,304 ","  474,533 "
,,,,ชาวต่างประเทศ,"  34,749 ","  46,685 ","  43,597 ","  43,626 ","  45,975 ","  48,542 ","  49,698 ","  50,866 ","  50,333 ","  9,094 ","  1,320 ","  6,714 "
,,,จำนวนนักทัศนาจร,รวม,"  597,111 ","  871,019 ","  940,718 ","  972,675 ","  1,033,098 ","  1,189,295 ","  1,245,987 ","  1,301,055 ","  1,292,886 ","  550,534 ","  177,004 ","  653,504 "
,,,,ชาวไทย,"  483,861 ","  710,668 ","  766,547 ","  792,796 ","  842,274 ","  972,156 ","  1,021,103 ","  1,068,109 ","  1,059,312 ","  522,062 ","  176,061 ","  651,597 "
,,,,ชาวต่างประเทศ,"  113,250 ","  160,351 ","  174,171 ","  179,879 ","  190,824 ","  217,139 ","  224,884 ","  232,946 ","  233,574 ","  28,472 ",  943 ,"  1,907 "
,,รายได้การท่องเที่ยว (ล้านบาท),ผู้เยี่ยมเยือน,รวม,"  2,474.78 ","  3,817.62 ","  4,147.79 ","  4,455.22 ","  4,914.91 ","  5,768.98 ","  6,306.25 ","  6,833.06 ","  6,761.14 ","  2,934.63 ",  990.98 ,"  3,552.28 "
,,,,ชาวไทย,"  2,150.01 ","  3,389.60 ","  3,682.41 ","  3,968.71 ","  4,381.17 ","  5,162.68 ","  5,643.90 ","  6,121.91 ","  6,042.43 ","  2,827.71 ",  983.37 ,"  3,512.20 "
,,,,ชาวต่างประเทศ,  324.77 ,  428.02 ,  465.38 ,  486.51 ,  533.74 ,  606.30 ,  662.35 ,  711.15 ,  718.71 ,  106.92 ,  7.61 ,  40.08 
,ราชบุรี,จำนวนผู้เยี่ยมเยือน,รวม,รวม,"  988,122 ","  1,211,113 ","  1,279,301 ","  1,312,297 ","  1,426,990 ","  1,701,116 ","  2,117,728 ","  2,249,868 ","  2,330,827 ","  1,453,605 ","  747,258 ","  1,630,232 "
,,,,ชาวไทย,"  975,433 ","  1,172,175 ","  1,237,566 ","  1,270,364 ","  1,381,422 ","  1,647,880 ","  2,055,774 ","  2,183,813 ","  2,262,352 ","  1,445,944 ","  745,311 ","  1,599,597 "
,,,,ชาวต่างประเทศ,"  12,689 ","  38,938 ","  41,735 ","  41,933 ","  45,568 ","  53,236 ","  61,954 ","  66,055 ","  68,475 ","  7,661 ","  1,947 ","  30,635 "
,,,จำนวนนักท่องเที่ยว,รวม,"  447,190 ","  509,780 ","  546,240 ","  562,244 ","  615,889 ","  732,044 ","  947,365 ","  1,000,457 ","  1,042,062 ","  676,091 ","  405,455 ","  930,219 "
,,,,ชาวไทย,"  441,696 ","  502,647 ","  538,174 ","  554,157 ","  606,783 ","  721,528 ","  934,173 ","  986,601 ","  1,027,545 ","  673,966 ","  404,005 ","  918,539 "
,,,,ชาวต่างประเทศ,"  5,494 ","  7,133 ","  8,066 ","  8,087 ","  9,106 ","  10,516 ","  13,192 ","  13,856 ","  14,517 ","  2,125 ","  1,450 ","  11,680 "
,,,จำนวนนักทัศนาจร,รวม,"  540,932 ","  701,333 ","  733,061 ","  750,053 ","  811,101 ","  969,072 ","  1,170,363 ","  1,249,411 ","  1,288,765 ","  777,514 ","  341,803 ","  700,013 "
,,,,ชาวไทย,"  533,737 ","  669,528 ","  699,392 ","  716,207 ","  774,639 ","  926,352 ","  1,121,601 ","  1,197,212 ","  1,234,807 ","  771,978 ","  341,306 ","  681,058 "
,,,,ชาวต่างประเทศ,"  7,195 ","  31,805 ","  33,669 ","  33,846 ","  36,462 ","  42,720 ","  48,762 ","  52,199 ","  53,958 ","  5,536 ",  497 ,"  18,955 "
,,รายได้การท่องเที่ยว (ล้านบาท),ผู้เยี่ยมเยือน,รวม,"  1,119.18 ","  1,510.20 ","  1,731.06 ","  1,867.96 ","  2,250.87 ","  2,818.47 ","  3,781.35 ","  4,251.84 ","  4,406.94 ","  2,504.60 ","  1,235.76 ","  2,994.31 "
,,,,ชาวไทย,"  1,089.16 ","  1,445.12 ","  1,654.68 ","  1,790.66 ","  2,159.33 ","  2,710.77 ","  3,646.14 ","  4,099.15 ","  4,247.94 ","  2,485.97 ","  1,229.46 ","  2,916.26 "
,,,,ชาวต่างประเทศ,  30.02 ,  65.08 ,  76.38 ,  77.30 ,  91.54 ,  107.70 ,  135.21 ,  152.69 ,  159.00 ,  18.63 ,  6.30 ,  78.05 
,กาญจนบุรี,จำนวนผู้เยี่ยมเยือน,รวม,รวม,"  5,748,241 ","  5,996,482 ","  6,413,556 ","  6,641,111 ","  7,574,278 ","  8,132,468 ","  8,872,542 ","  9,461,614 ","  9,618,052 ","  6,084,951 ","  4,032,628 ","  11,372,646 "
,,,,ชาวไทย,"  5,478,059 ","  5,636,860 ","  6,049,462 ","  6,269,411 ","  7,170,721 ","  7,709,075 ","  8,408,753 ","  8,973,388 ","  9,121,884 ","  6,004,597 ","  4,028,078 ","  11,289,583 "
,,,,ชาวต่างประเทศ,"  270,182 ","  359,622 ","  364,094 ","  371,700 ","  403,557 ","  423,393 ","  463,789 ","  488,226 ","  496,168 ","  80,354 ","  4,550 ","  83,063 "
,,,จำนวนนักท่องเที่ยว,รวม,"  2,023,346 ","  2,121,636 ","  2,400,692 ","  2,493,161 ","  2,941,596 ","  3,101,452 ","  3,447,736 ","  3,615,805 ","  3,605,616 ","  2,221,457 ","  1,267,877 ","  2,961,859 "
,,,,ชาวไทย,"  1,932,586 ","  1,965,728 ","  2,245,848 ","  2,336,991 ","  2,770,008 ","  2,923,161 ","  3,251,572 ","  3,412,563 ","  3,399,343 ","  2,183,158 ","  1,264,083 ","  2,897,536 "
,,,,ชาวต่างประเทศ,"  90,760 ","  155,908 ","  154,844 ","  156,170 ","  171,588 ","  178,291 ","  196,164 ","  203,242 ","  206,273 ","  38,299 ","  3,794 ","  64,323 "
,,,จำนวนนักทัศนาจร,รวม,"  3,724,895 ","  3,874,846 ","  4,012,864 ","  4,147,950 ","  4,632,682 ","  5,031,016 ","  5,424,806 ","  5,845,809 ","  6,012,436 ","  3,863,494 ","  2,764,751 ","  8,410,787 "
,,,,ชาวไทย,"  3,545,473 ","  3,671,132 ","  3,803,614 ","  3,932,420 ","  4,400,713 ","  4,785,914 ","  5,157,181 ","  5,560,825 ","  5,722,541 ","  3,821,439 ","  2,763,995 ","  8,392,047 "
,,,,ชาวต่างประเทศ,"  179,422 ","  203,714 ","  209,250 ","  215,530 ","  231,969 ","  245,102 ","  267,625 ","  284,984 ","  289,895 ","  42,055 ",  756 ,"  18,740 "
,,รายได้การท่องเที่ยว (ล้านบาท),ผู้เยี่ยมเยือน,รวม,"  9,100.81 ","  11,910.25 ","  13,416.53 ","  15,265.04 ","  18,945.11 ","  20,790.02 ","  24,440.78 ","  26,796.40 ","  27,883.92 ","  15,631.73 ","  8,963.37 ","  23,881.64 "
,,,,ชาวไทย,"  8,483.06 ","  10,736.41 ","  12,213.73 ","  13,949.87 ","  17,373.22 ","  19,110.67 ","  22,416.07 ","  24,586.80 ","  25,599.79 ","  15,189.44 ","  8,941.74 ","  23,476.08 "
,,,,ชาวต่างประเทศ,  617.75 ,"  1,173.84 ","  1,202.80 ","  1,315.17 ","  1,571.89 ","  1,679.35 ","  2,024.71 ","  2,209.60 ","  2,284.13 ",  442.29 ,  21.63 ,  405.56 
,สุพรรณบุรี,จำนวนผู้เยี่ยมเยือน,รวม,รวม,"  1,659,084 ","  1,831,019 ","  1,943,744 ","  2,188,086 ","  2,745,148 ","  2,966,752 ","  3,183,080 ","  3,331,247 ","  3,275,949 ","  1,779,025 ","  1,260,737 ","  3,692,829 "
,,,,ชาวไทย,"  1,647,639 ","  1,815,666 ","  1,927,222 ","  2,168,158 ","  2,721,928 ","  2,941,422 ","  3,155,325 ","  3,302,060 ","  3,246,543 ","  1,773,395 ","  1,259,824 ","  3,676,235 "
,,,,ชาวต่างประเทศ,"  11,445 ","  15,353 ","  16,522 ","  19,928 ","  23,220 ","  25,330 ","  27,755 ","  29,187 ","  29,406 ","  5,630 ",  913 ,"  16,594 "
,,,จำนวนนักท่องเที่ยว,รวม,"  440,332 ","  512,609 ","  562,319 ","  661,193 ","  900,490 ","  945,223 ","  1,036,793 ","  1,067,446 ","  1,068,671 ","  573,736 ","  337,683 ","  788,102 "
,,,,ชาวไทย,"  435,123 ","  506,680 ","  556,068 ","  653,341 ","  891,339 ","  935,512 ","  1,025,847 ","  1,056,115 ","  1,057,015 ","  571,027 ","  337,018 ","  778,076 "
,,,,ชาวต่างประเทศ,"  5,209 ","  5,929 ","  6,251 ","  7,852 ","  9,151 ","  9,711 ","  10,946 ","  11,331 ","  11,656 ","  2,709 ",  665 ,"  10,026 "
,,,จำนวนนักทัศนาจร,รวม,"  1,218,752 ","  1,318,410 ","  1,381,425 ","  1,526,893 ","  1,844,658 ","  2,021,529 ","  2,146,287 ","  2,263,801 ","  2,207,278 ","  1,205,289 ","  923,054 ","  2,904,727 "
,,,,ชาวไทย,"  1,212,516 ","  1,308,986 ","  1,371,154 ","  1,514,817 ","  1,830,589 ","  2,005,910 ","  2,129,478 ","  2,245,945 ","  2,189,528 ","  1,202,368 ","  922,806 ","  2,898,159 "
,,,,ชาวต่างประเทศ,"  6,236 ","  9,424 ","  10,271 ","  12,076 ","  14,069 ","  15,619 ","  16,809 ","  17,856 ","  17,750 ","  2,921 ",  248 ,"  6,568 "
,,รายได้การท่องเที่ยว (ล้านบาท),ผู้เยี่ยมเยือน,รวม,"  1,707.39 ","  2,110.50 ","  2,378.02 ","  2,961.93 ","  4,168.22 ","  4,584.98 ","  5,207.53 ","  5,687.87 ","  5,717.25 ","  2,774.55 ","  1,636.58 ","  4,680.49 "
,,,,ชาวไทย,"  1,689.63 ","  2,090.36 ","  2,354.95 ","  2,931.48 ","  4,126.08 ","  4,537.66 ","  5,150.51 ","  5,624.52 ","  5,653.47 ","  2,764.65 ","  1,634.76 ","  4,639.74 "
,,,,ชาวต่างประเทศ,  17.76 ,  20.14 ,  23.07 ,  30.45 ,  42.14 ,  47.32 ,  57.02 ,  63.35 ,  63.78 ,  9.90 ,  1.82 ,  40.75 
,นครปฐม,จำนวนผู้เยี่ยมเยือน,รวม,รวม,"  1,888,431 ","  2,557,074 ","  2,647,935 ","  3,016,431 ","  3,115,086 ","  3,679,645 ","  3,921,153 ","  4,177,286 ","  4,229,538 ","  1,714,123 ","  1,004,130 ","  2,951,336 "
,,,,ชาวไทย,"  1,852,746 ","  2,469,500 ","  2,557,466 ","  2,915,611 ","  3,011,331 ","  3,564,887 ","  3,799,108 ","  4,049,526 ","  4,100,834 ","  1,692,906 ","  1,003,386 ","  2,935,407 "
,,,,ชาวต่างประเทศ,"  35,685 ","  87,574 ","  90,469 ","  100,820 ","  103,755 ","  114,758 ","  122,045 ","  127,760 ","  128,704 ","  21,217 ",  744 ,"  15,929 "
,,,จำนวนนักท่องเที่ยว,รวม,"  756,181 ","  826,068 ","  899,491 ","  1,017,379 ","  1,030,318 ","  1,270,063 ","  1,306,444 ","  1,413,480 ","  1,395,958 ","  647,232 ","  344,828 ","  963,933 "
,,,,ชาวไทย,"  740,681 ","  790,547 ","  862,933 ","  976,609 ","  990,257 ","  1,227,313 ","  1,261,769 ","  1,366,689 ","  1,350,249 ","  642,074 ","  344,484 ","  955,541 "
,,,,ชาวต่างประเทศ,"  15,500 ","  35,521 ","  36,558 ","  40,770 ","  40,061 ","  42,750 ","  44,675 ","  46,791 ","  45,709 ","  5,158 ",  344 ,"  8,392 "
,,,จำนวนนักทัศนาจร,รวม,"  1,132,250 ","  1,731,006 ","  1,748,444 ","  1,999,052 ","  2,084,768 ","  2,409,582 ","  2,614,709 ","  2,763,806 ","  2,833,580 ","  1,066,891 ","  659,302 ","  1,987,403 "
,,,,ชาวไทย,"  1,112,065 ","  1,678,953 ","  1,694,533 ","  1,939,002 ","  2,021,074 ","  2,337,574 ","  2,537,339 ","  2,682,837 ","  2,750,585 ","  1,050,832 ","  658,902 ","  1,979,866 "
,,,,ชาวต่างประเทศ,"  20,185 ","  52,053 ","  53,911 ","  60,050 ","  63,694 ","  72,008 ","  77,370 ","  80,969 ","  82,995 ","  16,059 ",  400 ,"  7,537 "
,,รายได้การท่องเที่ยว (ล้านบาท),ผู้เยี่ยมเยือน,รวม,"  2,016.06 ","  2,972.31 ","  3,283.32 ","  3,847.33 ","  4,041.89 ","  5,033.79 ","  5,549.04 ","  6,135.99 ","  6,201.88 ","  2,460.09 ","  1,381.40 ","  4,122.11 "
,,,,ชาวไทย,"  1,961.60 ","  2,813.17 ","  3,108.27 ","  3,650.90 ","  3,837.42 ","  4,804.55 ","  5,293.64 ","  5,860.14 ","  5,930.60 ","  2,428.51 ","  1,379.96 ","  4,082.59 "
,,,,ชาวต่างประเทศ,  54.46 ,  159.14 ,  175.05 ,  196.43 ,  204.47 ,  229.24 ,  255.40 ,  275.85 ,  271.28 ,  31.58 ,  1.44 ,  39.52 
,สมุทรสาคร,จำนวนผู้เยี่ยมเยือน,รวม,รวม,"  818,780 ","  1,033,514 ","  1,124,428 ","  1,313,807 ","  1,410,224 ","  1,443,746 ","  1,510,908 ","  1,557,404 ","  1,515,458 ","  465,739 ","  141,387 ","  560,613 "
,,,,ชาวไทย,"  816,611 ","  1,030,951 ","  1,121,725 ","  1,310,568 ","  1,406,553 ","  1,439,792 ","  1,506,672 ","  1,552,948 ","  1,511,110 ","  464,508 ","  141,189 ","  557,744 "
,,,,ชาวต่างประเทศ,"  2,169 ","  2,563 ","  2,703 ","  3,239 ","  3,671 ","  3,954 ","  4,236 ","  4,456 ","  4,348 ","  1,231 ",  198 ,"  2,869 "
,,,จำนวนนักท่องเที่ยว,รวม,"  351,298 ","  578,895 ","  596,675 ","  690,046 ","  743,723 ","  761,291 ","  776,923 ","  786,698 ","  749,513 ","  232,470 ","  63,819 ","  273,379 "
,,,,ชาวไทย,"  349,573 ","  577,968 ","  595,693 ","  688,881 ","  742,402 ","  759,876 ","  775,430 ","  785,116 ","  747,982 ","  232,169 ","  63,733 ","  272,243 "
,,,,ชาวต่างประเทศ,"  1,725 ",  927 ,  982 ,"  1,165 ","  1,321 ","  1,415 ","  1,493 ","  1,582 ","  1,531 ",  301 ,  86 ,"  1,136 "
,,,จำนวนนักทัศนาจร,รวม,"  467,482 ","  454,619 ","  527,753 ","  623,761 ","  666,501 ","  682,455 ","  733,985 ","  770,706 ","  765,945 ","  233,269 ","  77,568 ","  287,234 "
,,,,ชาวไทย,"  467,038 ","  452,983 ","  526,032 ","  621,687 ","  664,151 ","  679,916 ","  731,242 ","  767,832 ","  763,128 ","  232,339 ","  77,456 ","  285,501 "
,,,,ชาวต่างประเทศ,  444 ,"  1,636 ","  1,721 ","  2,074 ","  2,350 ","  2,539 ","  2,743 ","  2,874 ","  2,817 ",  930 ,  112 ,"  1,733 "
,,รายได้การท่องเที่ยว (ล้านบาท),ผู้เยี่ยมเยือน,รวม,  951.68 ,"  1,417.68 ","  1,644.07 ","  1,967.81 ","  2,177.10 ","  2,305.23 ","  2,478.32 ","  2,630.26 ","  2,488.74 ",  724.03 ,  209.19 ,  918.80 
,,,,ชาวไทย,  945.55 ,"  1,413.42 ","  1,639.92 ","  1,962.84 ","  2,171.39 ","  2,298.89 ","  2,471.28 ","  2,622.22 ","  2,480.99 ",  722.54 ,  208.89 ,  912.69 
,,,,ชาวต่างประเทศ,  6.13 ,  4.26 ,  4.15 ,  4.97 ,  5.71 ,  6.34 ,  7.04 ,  8.04 ,  7.75 ,  1.49 ,  0.30 ,  6.11 
,สมุทรสงคราม,จำนวนผู้เยี่ยมเยือน,รวม,รวม,"  802,052 ","  989,005 ","  1,055,985 ","  1,288,422 ","  1,498,471 ","  1,598,052 ","  1,935,160 ","  2,048,721 ","  2,074,134 ","  1,310,927 ","  934,569 ","  4,528,695 "
,,,,ชาวไทย,"  791,009 ","  961,197 ","  1,025,407 ","  1,255,314 ","  1,459,601 ","  1,555,876 ","  1,886,356 ","  1,997,484 ","  2,019,338 ","  1,302,088 ","  933,056 ","  4,504,285 "
,,,,ชาวต่างประเทศ,"  11,043 ","  27,808 ","  30,578 ","  33,108 ","  38,870 ","  42,176 ","  48,804 ","  51,237 ","  54,796 ","  8,839 ","  1,513 ","  24,410 "
,,,จำนวนนักท่องเที่ยว,รวม,"  366,294 ","  432,778 ","  467,563 ","  507,026 ","  582,352 ","  601,819 ","  769,764 ","  797,804 ","  785,420 ","  505,749 ","  237,454 ","  733,381 "
,,,,ชาวไทย,"  365,314 ","  428,908 ","  462,860 ","  502,134 ","  576,635 ","  595,661 ","  761,465 ","  789,029 ","  776,428 ","  502,638 ","  236,977 ","  723,371 "
,,,,ชาวต่างประเทศ,  980 ,"  3,870 ","  4,703 ","  4,892 ","  5,717 ","  6,158 ","  8,299 ","  8,775 ","  8,992 ","  3,111 ",  477 ,"  10,010 "
,,,จำนวนนักทัศนาจร,รวม,"  435,758 ","  556,227 ","  588,422 ","  781,396 ","  916,119 ","  996,233 ","  1,165,396 ","  1,250,917 ","  1,288,714 ","  805,178 ","  697,115 ","  3,795,314 "
,,,,ชาวไทย,"  425,695 ","  532,289 ","  562,547 ","  753,180 ","  882,966 ","  960,215 ","  1,124,891 ","  1,208,455 ","  1,242,910 ","  799,450 ","  696,079 ","  3,780,914 "
,,,,ชาวต่างประเทศ,"  10,063 ","  23,938 ","  25,875 ","  28,216 ","  33,153 ","  36,018 ","  40,505 ","  42,462 ","  45,804 ","  5,728 ","  1,036 ","  14,400 "
,,รายได้การท่องเที่ยว (ล้านบาท),ผู้เยี่ยมเยือน,รวม,  777.05 ,"  1,075.47 ","  1,218.05 ","  1,531.96 ","  1,910.02 ","  2,109.49 ","  2,736.69 ","  3,018.70 ","  3,081.41 ","  1,795.58 ",  994.25 ,"  4,853.45 "
,,,,ชาวไทย,  766.24 ,"  1,044.67 ","  1,181.90 ","  1,491.26 ","  1,860.16 ","  2,053.19 ","  2,665.03 ","  2,939.46 ","  2,996.46 ","  1,778.83 ",  992.02 ,"  4,805.93 "
,,,,ชาวต่างประเทศ,  10.81 ,  30.80 ,  36.15 ,  40.70 ,  49.86 ,  56.30 ,  71.66 ,  79.24 ,  84.95 ,  16.75 ,  2.23 ,  47.52 
,เพชรบุรี,จำนวนผู้เยี่ยมเยือน,รวม,รวม,"  4,949,167 ","  5,010,666 ","  5,380,663 ","  5,700,319 ","  5,923,321 ","  6,156,485 ","  8,721,981 ","  9,064,796 ","  8,958,499 ","  5,082,177 ","  3,432,614 ","  8,996,695 "
,,,,ชาวไทย,"  4,667,153 ","  4,605,913 ","  4,947,844 ","  5,253,509 ","  5,449,838 ","  5,677,776 ","  8,195,132 ","  8,518,179 ","  8,410,769 ","  4,979,044 ","  3,429,678 ","  8,944,696 "
,,,,ชาวต่างประเทศ,"  282,014 ","  404,753 ","  432,819 ","  446,810 ","  473,483 ","  478,709 ","  526,849 ","  546,617 ","  547,730 ","  103,133 ","  2,936 ","  51,999 "
,,,จำนวนนักท่องเที่ยว,รวม,"  2,122,115 ","  2,371,963 ","  2,579,894 ","  2,738,996 ","  2,827,527 ","  2,879,954 ","  4,100,592 ","  4,208,356 ","  4,179,954 ","  2,532,207 ","  1,619,280 ","  3,701,674 "
,,,,ชาวไทย,"  1,892,823 ","  2,081,091 ","  2,268,399 ","  2,418,437 ","  2,485,260 ","  2,532,156 ","  3,715,501 ","  3,810,545 ","  3,779,556 ","  2,447,485 ","  1,616,721 ","  3,663,941 "
,,,,ชาวต่างประเทศ,"  229,292 ","  290,872 ","  311,495 ","  320,559 ","  342,267 ","  347,798 ","  385,091 ","  397,811 ","  400,398 ","  84,722 ","  2,559 ","  37,733 "
,,,จำนวนนักทัศนาจร,รวม,"  2,827,052 ","  2,638,703 ","  2,800,769 ","  2,961,323 ","  3,095,794 ","  3,276,531 ","  4,621,389 ","  4,856,440 ","  4,778,545 ","  2,549,970 ","  1,813,334 ","  5,295,021 "
,,,,ชาวไทย,"  2,774,330 ","  2,524,822 ","  2,679,445 ","  2,835,072 ","  2,964,578 ","  3,145,620 ","  4,479,631 ","  4,707,634 ","  4,631,213 ","  2,531,559 ","  1,812,957 ","  5,280,755 "
,,,,ชาวต่างประเทศ,"  52,722 ","  113,881 ","  121,324 ","  126,251 ","  131,216 ","  130,911 ","  141,758 ","  148,806 ","  147,332 ","  18,411 ",  377 ,"  14,266 "
,,รายได้การท่องเที่ยว (ล้านบาท),ผู้เยี่ยมเยือน,รวม,"  13,357.41 ","  16,299.00 ","  17,537.53 ","  19,117.01 ","  20,740.42 ","  21,961.47 ","  29,413.34 ","  31,574.46 ","  31,034.39 ","  14,830.67 ","  9,197.32 ","  24,541.55 "
,,,,ชาวไทย,"  11,518.01 ","  13,581.38 ","  14,607.04 ","  15,942.25 ","  17,195.26 ","  18,229.07 ","  25,124.55 ","  26,970.57 ","  26,375.48 ","  14,025.58 ","  9,173.03 ","  24,219.36 "
,,,,ชาวต่างประเทศ,"  1,839.40 ","  2,717.62 ","  2,930.49 ","  3,174.76 ","  3,545.16 ","  3,732.40 ","  4,288.79 ","  4,603.89 ","  4,658.91 ",  805.09 ,  24.29 ,  322.19 
,ประจวบคีรีขันธ์,จำนวนผู้เยี่ยมเยือน,รวม,รวม,"  3,080,614 ","  4,115,740 ","  4,417,025 ","  4,660,994 ","  4,835,371 ","  4,979,804 ","  6,918,369 ","  7,169,527 ","  7,259,669 ","  4,244,233 ","  3,090,526 ","  9,470,675 "
,,,,ชาวไทย,"  2,396,825 ","  3,249,413 ","  3,500,499 ","  3,730,557 ","  3,868,173 ","  4,015,323 ","  5,713,341 ","  5,938,354 ","  6,023,393 ","  4,036,275 ","  3,081,585 ","  9,319,587 "
,,,,ชาวต่างประเทศ,"  683,789 ","  866,327 ","  916,526 ","  930,437 ","  967,198 ","  964,481 ","  1,205,028 ","  1,231,173 ","  1,236,276 ","  207,958 ","  8,941 ","  151,088 "
,,,จำนวนนักท่องเที่ยว,รวม,"  1,931,581 ","  2,603,308 ","  2,770,413 ","  2,954,914 ","  3,045,229 ","  3,108,886 ","  4,388,662 ","  4,505,546 ","  4,587,743 ","  2,579,348 ","  1,870,942 ","  5,343,423 "
,,,,ชาวไทย,"  1,345,210 ","  1,860,449 ","  1,984,043 ","  2,161,675 ","  2,223,244 ","  2,289,813 ","  3,357,930 ","  3,458,347 ","  3,532,713 ","  2,409,514 ","  1,863,661 ","  5,225,386 "
,,,,ชาวต่างประเทศ,"  586,371 ","  742,859 ","  786,370 ","  793,239 ","  821,985 ","  819,073 ","  1,030,732 ","  1,047,199 ","  1,055,030 ","  169,834 ","  7,281 ","  118,037 "
,,,จำนวนนักทัศนาจร,รวม,"  1,149,033 ","  1,512,432 ","  1,646,612 ","  1,706,080 ","  1,790,142 ","  1,870,918 ","  2,529,707 ","  2,663,981 ","  2,671,926 ","  1,664,885 ","  1,219,584 ","  4,127,252 "
,,,,ชาวไทย,"  1,051,615 ","  1,388,964 ","  1,516,456 ","  1,568,882 ","  1,644,929 ","  1,725,510 ","  2,355,411 ","  2,480,007 ","  2,490,680 ","  1,626,761 ","  1,217,924 ","  4,094,201 "
,,,,ชาวต่างประเทศ,"  97,418 ","  123,468 ","  130,156 ","  137,198 ","  145,213 ","  145,408 ","  174,296 ","  183,974 ","  181,246 ","  38,124 ","  1,660 ","  33,051 "
,,รายได้การท่องเที่ยว (ล้านบาท),ผู้เยี่ยมเยือน,รวม,"  17,318.07 ","  22,668.00 ","  24,317.29 ","  25,905.56 ","  28,268.48 ","  29,520.16 ","  39,714.82 ","  42,146.80 ","  42,392.63 ","  18,519.67 ","  11,783.20 ","  33,871.62 "
,,,,ชาวไทย,"  11,355.89 ","  14,595.47 ","  15,834.35 ","  17,125.33 ","  18,683.64 ","  19,640.36 ","  26,881.88 ","  28,302.37 ","  28,601.83 ","  16,630.09 ","  11,732.72 ","  32,401.83 "
,,,,ชาวต่างประเทศ,"  5,962.18 ","  8,072.53 ","  8,482.94 ","  8,780.23 ","  9,584.84 ","  9,879.80 ","  12,832.94 ","  13,844.43 ","  13,790.80 ","  1,889.58 ",  50.48 ,"  1,469.79 "